{"cameraMode":{"drawMode":0,"name":"Shaded","section":"Shading Mode"},"sceneLighting":false,"audioPlay":false,"sceneViewState":{"m_AlwaysRefresh":false,"showFog":true,"showSkybox":false,"showFlares":true,"showImageEffects":true,"showParticleSystems":true,"showVisualEffectGraphs":true,"m_FxEnabled":true},"in2DMode":false,"pivot":{"x":0.6708869934082031,"y":-0.16564273834228517,"z":-1.0377349853515626},"rotation":{"x":-0.1822761595249176,"y":-0.3367513418197632,"z":0.06662468612194061,"w":-0.9213816523551941},"size":0.5820580720901489,"orthographic":false}