{"cameraMode":{"drawMode":0,"name":"Shaded","section":"Shading Mode"},"sceneLighting":false,"audioPlay":false,"sceneViewState":{"m_AlwaysRefresh":false,"showFog":true,"showSkybox":false,"showFlares":true,"showImageEffects":true,"showParticleSystems":true,"showVisualEffectGraphs":true,"m_FxEnabled":true},"in2DMode":false,"pivot":{"x":-0.00022505223751068115,"y":0.4403873682022095,"z":-2.2351741790771486e-8},"rotation":{"x":-0.26143527030944826,"y":-0.2905256450176239,"z":0.08285508304834366,"w":-0.9167278409004211},"size":1.6600037813186646,"orthographic":false}