{"cameraMode":{"drawMode":0,"name":"Shaded","section":"Shading Mode"},"sceneLighting":false,"audioPlay":false,"sceneViewState":{"m_AlwaysRefresh":false,"showFog":true,"showSkybox":false,"showFlares":true,"showImageEffects":true,"showParticleSystems":true,"showVisualEffectGraphs":true,"m_FxEnabled":true},"in2DMode":false,"pivot":{"x":0.5613486766815186,"y":2.8516554832458498,"z":10.305339813232422},"rotation":{"x":-0.1937824785709381,"y":0.05353138968348503,"z":-0.010595681145787239,"w":-0.9795367121696472},"size":5.365090847015381,"orthographic":false}